-- Adminer 4.8.1 MySQL 8.1.0 dump

SET NAMES utf8;
SET time_zone = '+00:00';
SET foreign_key_checks = 0;
SET sql_mode = 'NO_AUTO_VALUE_ON_ZERO';

SET NAMES utf8mb4;

INSERT INTO `items` (`id`, `name`, `category`, `unit_price`, `stack_price`, `stack_size`, `created_at`, `updated_at`) VALUES
(1,	'Earth Crystal',	'Crystals',	200,	900,	12,	'2023-11-26 19:44:13',	'2023-12-16 07:04:11'),
(2,	'Wind Crystal',	'Crystals',	300,	1100,	12,	'2023-11-26 19:44:13',	'2023-12-17 20:49:59'),
(3,	'Ice Crystal',	'Crystals',	300,	3000,	12,	'2023-11-26 19:44:13',	'2023-11-26 19:44:13'),
(4,	'Fire Crystal',	'Crystals',	200,	700,	12,	'2023-11-26 19:44:13',	'2023-12-16 07:09:34'),
(5,	'Water Crystal',	'Crystals',	100,	400,	12,	'2023-11-26 19:44:13',	'2023-11-26 19:44:13'),
(6,	'Lightning Crystal',	'Crystals',	250,	1100,	12,	'2023-11-26 19:44:13',	'2023-11-26 19:44:13'),
(7,	'Light Crystal',	'Crystals',	400,	4000,	12,	'2023-11-26 19:44:13',	'2023-11-26 19:44:13'),
(8,	'Dark Crystal',	'Crystals',	400,	4800,	12,	'2023-11-26 19:44:13',	'2023-11-30 19:17:21'),
(9,	'Sheepskin',	'Materials.Leathercraft',	300,	4500,	12,	'2023-11-26 19:44:13',	'2023-11-29 19:26:22'),
(10,	'Sheep Leather',	'Materials.Leathercraft',	1000,	10800,	12,	'2023-11-26 19:44:13',	'2023-12-25 06:39:47'),
(11,	'Mythril Ingot',	'Materials.Goldsmithing',	5000,	57000,	12,	'2023-11-26 19:44:13',	'2023-12-24 20:25:24'),
(12,	'Mythril Ore',	'Materials.Goldsmithing',	900,	14000,	12,	'2023-11-26 19:44:13',	'2023-12-24 20:25:30'),
(13,	'Tsurara',	'Others.Ninja Tools',	1,	2000,	99,	'2023-11-26 19:44:13',	'2023-11-26 19:44:13'),
(14,	'Distilled Water',	'Food.Ingredients',	10,	300,	12,	'2023-11-26 19:44:13',	'2023-11-26 19:44:13'),
(15,	'Rock Salt',	'Materials.Alchemy',	14,	400,	12,	'2023-11-26 19:44:13',	'2023-11-26 19:44:13'),
(16,	'Moblinweave',	'Materials.Clothcraft',	7500,	25000,	12,	'2023-11-26 19:44:13',	'2023-12-24 20:24:02'),
(17,	'Moblin Thread',	'Materials.Clothcraft',	2000,	19000,	12,	'2023-11-26 19:44:13',	'2023-12-24 20:24:04'),
(18,	'Fisherman\'s Boots',	'Armor.Feet',	2000,	NULL,	1,	'2023-11-26 19:44:13',	'2023-12-24 20:23:33'),
(19,	'Lizard Skin',	'Materials.Leathercraft',	100,	1900,	12,	'2023-11-26 19:44:13',	'2023-12-05 08:11:51'),
(20,	'Grass Cloth',	'Materials.Clothcraft',	300,	4000,	12,	'2023-11-26 19:44:13',	'2023-11-26 19:44:13'),
(21,	'Bronze Scales',	'Materials.Smithing',	100,	500,	12,	'2023-11-26 19:44:13',	'2023-11-26 19:44:13'),
(31,	'Gold Thread',	'Materials.Clothcraft',	6000,	70000,	12,	'2023-11-28 22:58:53',	'2023-12-07 18:51:58'),
(32,	'Gold Ingot',	'Materials.Goldsmithing',	11500,	127000,	12,	'2023-11-28 22:59:10',	'2023-12-11 08:08:18'),
(33,	'Silk Thread',	'Materials.Clothcraft',	800,	10000,	12,	'2023-11-28 22:59:47',	'2023-12-24 20:24:55'),
(34,	'Linen Thread',	'Materials.Clothcraft',	1500,	11000,	12,	'2023-11-28 23:03:55',	'2023-11-29 19:07:28'),
(35,	'Linen Cloth',	'Materials.Clothcraft',	3500,	25000,	12,	'2023-11-28 23:04:10',	'2023-12-14 23:27:38'),
(36,	'Cotton Cloth',	'Materials.Clothcraft',	500,	6700,	12,	'2023-11-28 23:04:27',	'2023-12-05 08:12:29'),
(37,	'Cotton Thread',	'Materials.Clothcraft',	800,	4800,	12,	'2023-11-28 23:04:51',	'2023-11-29 19:06:19'),
(38,	'Fisherman\'s Tunica',	'Armor.Body',	8000,	NULL,	1,	'2023-11-28 23:05:08',	'2023-12-24 20:18:39'),
(39,	'Fisherman\'s Hose',	'Armor.Legs',	7500,	NULL,	1,	'2023-11-28 23:06:29',	'2023-12-24 20:19:39'),
(40,	'Mythril Beastcoin',	'Others.Beast-made',	1000,	10000,	12,	'2023-11-29 05:46:17',	'2023-12-24 20:25:42'),
(41,	'Rhodonite',	'Materials.Goldsmithing',	5000,	0,	12,	'2023-11-29 05:47:48',	'2023-12-15 18:51:18'),
(42,	'Scarlet Stone',	'Materials.Goldsmithing',	3200,	70000,	12,	'2023-11-29 05:48:25',	'2023-12-05 07:59:18'),
(43,	'Silk Cloth',	'Materials.Clothcraft',	4700,	41000,	12,	'2023-11-29 19:08:36',	'2023-12-24 20:24:58'),
(44,	'Silver Thread',	'Materials.Clothcraft',	1800,	13000,	12,	'2023-11-29 19:09:18',	'2023-11-29 19:09:18'),
(45,	'Velvet Cloth',	'Materials.Clothcraft',	2800,	28500,	12,	'2023-11-29 19:09:42',	'2023-12-21 10:47:28'),
(46,	'Wool Cloth',	'Materials.Clothcraft',	4000,	33000,	12,	'2023-11-29 19:10:13',	'2023-12-17 00:43:20'),
(47,	'Wool Thread',	'Materials.Clothcraft',	1500,	12000,	12,	'2023-11-29 19:10:45',	'2023-12-11 08:09:38'),
(48,	'Buffalo Hide',	'Materials.Leathercraft',	11000,	160000,	12,	'2023-11-29 19:12:21',	'2023-12-15 18:54:36'),
(49,	'Buffalo Leather',	'Materials.Leathercraft',	15000,	190000,	12,	'2023-11-29 19:13:01',	'2023-12-15 18:54:56'),
(50,	'Bugard Leather',	'Materials.Leathercraft',	1800,	5000,	12,	'2023-11-29 19:19:27',	'2023-12-15 18:55:12'),
(51,	'Bugard Skin',	'Materials.Leathercraft',	500,	5000,	12,	'2023-11-29 19:19:57',	'2023-11-29 19:19:57'),
(53,	'Dhalmel Hide',	'Materials.Leathercraft',	500,	7000,	12,	'2023-11-29 19:23:23',	'2023-11-29 19:23:23'),
(54,	'Dhalmel Leather',	'Materials.Leathercraft',	1500,	15000,	12,	'2023-11-29 19:23:44',	'2023-12-15 18:55:36'),
(55,	'Ram Leather',	'Materials.Leathercraft',	1600,	13500,	12,	'2023-11-29 19:25:13',	'2023-12-25 06:39:52'),
(56,	'Ram Skin',	'Materials.Leathercraft',	500,	5500,	12,	'2023-11-29 19:25:35',	'2023-12-15 18:56:25'),
(57,	'Tiger Hide',	'Materials.Leathercraft',	450,	8000,	12,	'2023-11-29 19:27:30',	'2023-11-29 19:27:30'),
(58,	'Tiger Leather',	'Materials.Leathercraft',	1400,	10500,	12,	'2023-11-29 19:27:46',	'2023-11-29 19:27:46'),
(59,	'Seer\'s Crown',	'Armor.Head',	2000,	NULL,	1,	'2023-11-29 19:29:23',	'2023-11-29 19:29:27'),
(60,	'Noct Beret',	'Armor.Head',	4000,	NULL,	1,	'2023-11-29 19:31:58',	'2023-11-29 19:32:04'),
(61,	'Field Tunica',	'Armor.Body',	10000,	NULL,	1,	'2023-11-29 19:32:49',	'2023-12-24 20:20:49'),
(62,	'Chocobo Jack Coat',	'Armor.Body',	11000,	NULL,	1,	'2023-11-29 19:33:00',	'2023-12-24 20:45:57'),
(63,	'Seer\'s Tunic',	'Armor.Body',	10000,	NULL,	1,	'2023-11-29 19:33:41',	'2023-12-21 10:32:53'),
(64,	'Velvet Robe',	'Armor.Body',	23000,	NULL,	1,	'2023-11-29 19:34:07',	'2023-12-18 02:35:50'),
(65,	'Gambison',	'Armor.Body',	15000,	NULL,	1,	'2023-11-29 19:34:26',	'2023-12-21 10:33:29'),
(66,	'Field Gloves',	'Armor.Hands',	10000,	NULL,	1,	'2023-11-29 19:36:24',	'2023-12-24 20:19:27'),
(67,	'Chocobo Gloves',	'Armor.Hands',	4000,	NULL,	1,	'2023-11-29 19:36:41',	'2023-12-24 20:46:34'),
(68,	'Fisherman\'s Gloves',	'Armor.Hands',	2000,	NULL,	1,	'2023-11-29 19:36:57',	'2023-12-15 18:49:16'),
(69,	'Seer\'s Mitts',	'Armor.Hands',	3000,	NULL,	1,	'2023-11-29 19:37:24',	'2023-11-29 19:37:29'),
(70,	'Noct Gloves',	'Armor.Hands',	3000,	NULL,	1,	'2023-11-29 19:37:43',	'2023-11-29 19:37:48'),
(71,	'Magic Belt',	'Armor.Waist',	5000,	NULL,	1,	'2023-11-29 19:38:30',	'2023-11-29 19:38:36'),
(72,	'Field Hose',	'Armor.Legs',	9000,	NULL,	1,	'2023-11-29 19:38:50',	'2023-12-23 19:38:53'),
(73,	'Chocobo Hose',	'Armor.Legs',	9500,	NULL,	1,	'2023-11-29 19:39:13',	'2023-12-23 19:39:01'),
(74,	'Seer\'s Slacks',	'Armor.Legs',	4000,	NULL,	1,	'2023-11-29 19:40:41',	'2023-12-23 05:46:10'),
(75,	'Noct Brais',	'Armor.Legs',	2000,	NULL,	1,	'2023-11-29 19:40:57',	'2023-12-15 18:48:46'),
(76,	'Field Boots',	'Armor.Feet',	4500,	NULL,	1,	'2023-11-29 20:07:44',	'2023-12-24 20:23:12'),
(77,	'Chocobo Boots',	'Armor.Feet',	5000,	NULL,	1,	'2023-11-29 20:08:01',	'2023-12-24 20:23:19'),
(78,	'Seer\'s Pumps',	'Armor.Feet',	4000,	NULL,	1,	'2023-11-29 20:08:45',	'2023-11-29 20:08:45'),
(79,	'Noct Gaiters',	'Armor.Feet',	4000,	NULL,	1,	'2023-11-29 20:08:59',	'2023-11-29 20:09:03'),
(80,	'Cuir Highboots',	'Armor.Feet',	5000,	NULL,	1,	'2023-11-29 20:09:22',	'2023-12-24 20:35:16'),
(81,	'Brass Scales',	'Materials.Goldsmithing',	300,	2000,	12,	'2023-11-29 20:31:10',	'2023-11-30 17:48:25'),
(82,	'Beeswax',	'Materials.Alchemy',	1500,	13000,	12,	'2023-11-29 20:43:07',	'2023-12-16 20:33:44'),
(83,	'Leather Highboots',	'Armor.Feet',	500,	NULL,	1,	'2023-11-29 20:43:50',	'2023-12-05 07:57:21'),
(84,	'Saruta Cotton',	'Materials.Clothcraft',	200,	1500,	12,	'2023-11-29 20:47:05',	'2023-11-30 17:45:11'),
(85,	'Chocobo Feather',	'Materials.Clothcraft',	500,	500,	12,	'2023-11-29 20:49:53',	'2023-11-30 17:43:05'),
(86,	'Silver Ore',	'Materials.Goldsmithing',	400,	5000,	12,	'2023-11-29 20:54:19',	'2023-11-30 17:47:17'),
(87,	'Silver Ingot',	'Materials.Goldsmithing',	0,	0,	12,	'2023-11-29 20:54:34',	'2023-11-29 20:54:34'),
(88,	'Windurstian Tea Leaves',	'Food.Ingredients',	400,	500,	12,	'2023-11-29 20:59:33',	'2023-11-30 17:47:57'),
(89,	'Noct Doublet',	'Armor.Body',	4000,	NULL,	1,	'2023-11-30 17:43:28',	'2023-11-30 17:43:33'),
(93,	'Cuir Bouilli',	'Armor.Body',	11000,	NULL,	1,	'2023-12-11 21:46:24',	'2023-12-24 20:34:57'),
(94,	'Leather Vest',	'Armor.Body',	2000,	NULL,	1,	'2023-12-11 21:46:59',	'2023-12-25 06:38:35'),
(95,	'Cloak',	'Armor.Body',	7000,	NULL,	1,	'2023-12-18 08:19:12',	'2023-12-18 08:19:36'),
(96,	'Linen Doublet',	'Armor.Body',	5000,	NULL,	1,	'2023-12-18 08:20:49',	'2023-12-18 08:21:01'),
(97,	'Silk Coat',	'Armor.Body',	20000,	NULL,	1,	'2023-12-18 08:21:56',	'2023-12-18 08:22:18'),
(98,	'White Cloak',	'Armor.Body',	17000,	NULL,	1,	'2023-12-18 08:23:25',	'2023-12-18 08:23:37'),
(99,	'Wool Doublet',	'Armor.Body',	16000,	NULL,	1,	'2023-12-18 08:24:39',	'2023-12-18 08:25:01'),
(100,	'Wool Gambison',	'Armor.Body',	10000,	NULL,	1,	'2023-12-18 08:26:10',	'2023-12-18 08:26:41'),
(101,	'Breeches',	'Armor.Legs',	45000,	NULL,	1,	'2023-12-18 08:30:06',	'2023-12-24 20:20:14'),
(102,	'Mythril Chain',	'Materials.Goldsmithing',	4000,	70000,	12,	'2023-12-18 08:30:42',	'2023-12-18 08:30:42'),
(103,	'Cuir Trousers',	'Armor.Legs',	7500,	NULL,	1,	'2023-12-18 08:34:30',	'2023-12-24 20:34:59'),
(104,	'Leather Trousers',	'Armor.Legs',	1000,	NULL,	1,	'2023-12-18 08:34:47',	'2023-12-18 08:34:47'),
(105,	'Hose',	'Armor.Legs',	7000,	NULL,	1,	'2023-12-18 08:36:11',	'2023-12-23 05:46:53'),
(106,	'Linen Slacks',	'Armor.Legs',	10000,	NULL,	1,	'2023-12-18 08:37:31',	'2023-12-18 08:37:31'),
(107,	'Silk Slops',	'Armor.Legs',	19000,	NULL,	1,	'2023-12-18 08:38:41',	'2023-12-18 08:38:41'),
(108,	'Gold Sheet',	'Materials.Goldsmithing',	13000,	120000,	12,	'2023-12-18 08:39:28',	'2023-12-18 08:39:28'),
(109,	'Chain Hose',	'Armor.Legs',	3500,	NULL,	1,	'2023-12-18 08:41:20',	'2023-12-18 08:41:20'),
(110,	'Silver Hose',	'Armor.Legs',	10000,	NULL,	1,	'2023-12-18 08:41:40',	'2023-12-18 08:41:40'),
(111,	'Silver Chain',	'Materials.Goldsmithing',	4000,	35000,	12,	'2023-12-18 08:42:15',	'2023-12-18 08:42:15'),
(112,	'Velvet Slops',	'Armor.Legs',	9000,	NULL,	1,	'2023-12-18 08:43:53',	'2023-12-18 08:43:53'),
(113,	'Brass Sheet',	'Materials.Goldsmithing',	1000,	10000,	12,	'2023-12-18 08:44:53',	'2023-12-18 08:44:53'),
(114,	'Wool Hose',	'Armor.Legs',	17000,	NULL,	1,	'2023-12-18 08:46:40',	'2023-12-18 08:46:40');

INSERT INTO `synthesis` (`id`, `item_id`, `crystal_item_id`, `craft`, `craft_level`, `created_at`, `updated_at`, `yield`, `unit_profit`, `stack_profit`) VALUES
(1,	10,	8,	'Leathercraft',	2,	'2023-11-26 19:44:13',	'2023-12-25 06:39:47',	1,	158,	700),
(2,	11,	4,	'Goldsmithing',	40,	'2023-11-26 19:44:13',	'2023-12-24 20:25:30',	1,	275,	300),
(3,	13,	3,	'Alchemy',	6,	'2023-11-26 19:44:13',	'2023-11-28 03:07:44',	10,	-32,	-1300),
(4,	16,	1,	'Clothcraft',	23,	'2023-11-26 19:44:13',	'2023-12-24 20:24:02',	1,	2675,	-32900),
(5,	18,	1,	'Leathercraft',	20,	'2023-11-26 19:44:13',	'2023-12-24 20:23:33',	1,	1233,	NULL),
(7,	31,	1,	'Clothcraft',	58,	'2023-11-28 23:00:35',	'2023-12-24 20:24:55',	2,	254,	1050),
(8,	38,	1,	'Clothcraft',	30,	'2023-11-28 23:05:50',	'2023-12-25 06:39:47',	1,	2350,	NULL),
(9,	39,	1,	'Clothcraft',	23,	'2023-11-28 23:07:05',	'2023-12-24 20:19:40',	1,	2300,	NULL),
(10,	11,	4,	'Goldsmithing',	38,	'2023-11-29 05:46:57',	'2023-12-24 20:25:42',	1,	1608,	16300),
(11,	41,	2,	'Goldsmithing',	20,	'2023-11-29 05:48:58',	'2023-12-17 20:49:59',	1,	-925,	-71100),
(12,	61,	1,	'Clothcraft',	69,	'2023-11-29 20:27:15',	'2023-12-25 06:39:52',	1,	-683,	NULL),
(13,	62,	1,	'Leathercraft',	45,	'2023-11-29 20:28:16',	'2023-12-25 06:39:52',	1,	1942,	NULL),
(14,	63,	1,	'Clothcraft',	26,	'2023-11-29 20:29:52',	'2023-12-25 06:39:47',	1,	2183,	NULL),
(15,	64,	1,	'Clothcraft',	58,	'2023-11-29 20:32:20',	'2023-12-21 10:47:28',	1,	11425,	NULL),
(16,	72,	1,	'Clothcraft',	60,	'2023-11-29 20:37:09',	'2023-12-23 19:38:53',	1,	342,	NULL),
(17,	73,	1,	'Clothcraft',	50,	'2023-11-29 20:37:54',	'2023-12-25 06:39:47',	1,	2775,	NULL),
(18,	74,	1,	'Clothcraft',	25,	'2023-11-29 20:38:41',	'2023-12-25 06:39:47',	1,	-1175,	NULL),
(19,	75,	1,	'Leathercraft',	28,	'2023-11-29 20:39:40',	'2023-12-25 06:39:47',	1,	-4058,	NULL),
(20,	76,	1,	'Leathercraft',	40,	'2023-11-29 20:40:22',	'2023-12-25 06:39:52',	1,	1800,	NULL),
(21,	77,	1,	'Leathercraft',	40,	'2023-11-29 20:41:24',	'2023-12-25 06:39:52',	1,	2300,	NULL),
(22,	78,	1,	'Leathercraft',	25,	'2023-11-29 20:42:03',	'2023-12-25 06:39:47',	1,	-92,	NULL),
(23,	79,	1,	'Clothcraft',	27,	'2023-11-29 20:42:40',	'2023-12-25 06:39:47',	1,	-4125,	NULL),
(24,	80,	5,	'Leathercraft',	42,	'2023-11-29 20:44:31',	'2023-12-25 06:39:52',	1,	1133,	NULL),
(25,	66,	1,	'Leathercraft',	33,	'2023-11-29 20:45:10',	'2023-12-25 06:39:52',	1,	6992,	NULL),
(26,	67,	1,	'Leathercraft',	23,	'2023-11-29 20:45:51',	'2023-12-24 20:46:34',	1,	1958,	NULL),
(27,	68,	1,	'Leathercraft',	14,	'2023-11-29 20:46:28',	'2023-12-16 07:04:11',	1,	1050,	NULL),
(28,	69,	1,	'Clothcraft',	24,	'2023-11-29 20:47:43',	'2023-12-25 06:39:47',	1,	-217,	NULL),
(29,	70,	1,	'Clothcraft',	25,	'2023-11-29 20:48:21',	'2023-12-25 06:39:47',	1,	-3308,	NULL),
(30,	60,	1,	'Clothcraft',	24,	'2023-11-29 20:50:33',	'2023-12-25 06:39:47',	1,	-58,	NULL),
(31,	43,	1,	'Clothcraft',	53,	'2023-11-29 20:51:53',	'2023-12-24 20:24:58',	1,	2125,	10100),
(32,	35,	1,	'Clothcraft',	22,	'2023-11-29 20:53:24',	'2023-12-16 07:04:11',	1,	675,	-8900),
(33,	36,	1,	'Clothcraft',	12,	'2023-11-29 20:53:47',	'2023-12-16 07:04:11',	1,	-775,	-8600),
(34,	87,	4,	'Goldsmithing',	20,	'2023-11-29 20:55:01',	'2023-12-16 07:09:34',	1,	-1725,	-20700),
(35,	44,	1,	'Clothcraft',	47,	'2023-11-29 20:56:52',	'2023-12-24 20:24:55',	2,	1346,	7550),
(36,	45,	1,	'Clothcraft',	45,	'2023-11-29 20:57:55',	'2023-12-24 20:24:55',	1,	-108,	-6400),
(37,	46,	1,	'Clothcraft',	37,	'2023-11-29 20:58:23',	'2023-12-17 00:43:20',	1,	925,	-3900),
(38,	49,	8,	'Leathercraft',	49,	'2023-11-29 21:00:57',	'2023-12-15 18:54:56',	1,	1200,	24400),
(39,	50,	8,	'Leathercraft',	24,	'2023-11-29 21:01:59',	'2023-12-15 18:55:12',	1,	917,	-5600),
(40,	54,	8,	'Leathercraft',	21,	'2023-11-29 21:02:33',	'2023-12-15 18:55:36',	1,	450,	2400),
(41,	55,	8,	'Leathercraft',	35,	'2023-11-29 21:03:23',	'2023-12-25 06:39:52',	1,	675,	2400),
(42,	58,	8,	'Leathercraft',	61,	'2023-11-29 21:04:22',	'2023-11-30 19:16:49',	1,	267,	-3100),
(43,	89,	1,	'Clothcraft',	26,	'2023-11-30 17:44:36',	'2023-12-25 06:39:47',	1,	-4517,	NULL),
(44,	65,	1,	'Clothcraft',	29,	'2023-11-30 17:46:26',	'2023-12-21 10:33:29',	1,	5258,	NULL),
(46,	93,	5,	'Leathercraft',	46,	'2023-12-11 21:47:32',	'2023-12-25 06:39:52',	1,	5633,	NULL),
(47,	95,	1,	'Clothcraft',	33,	'2023-12-18 08:20:15',	'2023-12-18 08:20:16',	1,	167,	NULL),
(48,	96,	1,	'Clothcraft',	58,	'2023-12-18 08:21:32',	'2023-12-18 08:21:32',	1,	-4700,	NULL),
(49,	97,	1,	'Clothcraft',	68,	'2023-12-18 08:22:57',	'2023-12-21 10:47:28',	1,	1425,	NULL),
(50,	98,	1,	'Clothcraft',	63,	'2023-12-18 08:24:18',	'2023-12-21 10:47:28',	1,	-2867,	NULL),
(51,	99,	1,	'Clothcraft',	67,	'2023-12-18 08:25:31',	'2023-12-18 08:25:31',	1,	3550,	NULL),
(52,	100,	1,	'Clothcraft',	50,	'2023-12-18 08:27:22',	'2023-12-18 08:27:22',	1,	-2492,	NULL),
(53,	101,	1,	'Goldsmithing',	48,	'2023-12-18 08:31:21',	'2023-12-25 06:39:52',	1,	28925,	NULL),
(54,	102,	1,	'Goldsmithing',	43,	'2023-12-18 08:33:02',	'2023-12-18 08:33:02',	1,	-5575,	-44900),
(55,	103,	5,	'Leathercraft',	44,	'2023-12-18 08:35:22',	'2023-12-25 06:39:52',	1,	3133,	NULL),
(56,	105,	1,	'Clothcraft',	28,	'2023-12-18 08:36:46',	'2023-12-23 05:46:53',	1,	592,	NULL),
(57,	106,	1,	'Clothcraft',	32,	'2023-12-18 08:37:57',	'2023-12-18 08:37:57',	1,	2758,	NULL),
(58,	107,	1,	'Clothcraft',	67,	'2023-12-18 08:40:13',	'2023-12-21 10:47:28',	1,	-6117,	NULL),
(59,	110,	1,	'Goldsmithing',	44,	'2023-12-18 08:42:51',	'2023-12-18 08:42:51',	1,	3508,	NULL),
(60,	112,	1,	'Clothcraft',	57,	'2023-12-18 08:45:27',	'2023-12-21 10:47:28',	1,	-492,	NULL),
(61,	114,	1,	'Clothcraft',	49,	'2023-12-18 08:47:15',	'2023-12-25 06:39:52',	1,	9300,	NULL);

INSERT INTO `synthesis_ingredients` (`id`, `synthesis_id`, `item_id`, `quantity`, `created_at`, `updated_at`) VALUES
(2,	2,	12,	4,	'2023-11-26 19:44:13',	'2023-11-26 19:44:13'),
(3,	3,	14,	2,	'2023-11-26 19:44:13',	'2023-11-26 19:44:13'),
(4,	3,	15,	1,	'2023-11-26 19:44:13',	'2023-11-26 19:44:13'),
(5,	4,	17,	3,	'2023-11-26 19:44:13',	'2023-11-26 19:44:13'),
(6,	5,	19,	2,	'2023-11-26 19:44:13',	'2023-11-26 19:44:13'),
(7,	5,	20,	1,	'2023-11-26 19:44:13',	'2023-11-26 19:44:13'),
(8,	5,	21,	1,	'2023-11-26 19:44:13',	'2023-11-26 19:44:13'),
(11,	7,	33,	1,	'2023-11-28 23:00:35',	'2023-11-28 23:00:35'),
(12,	7,	32,	1,	'2023-11-28 23:00:35',	'2023-11-28 23:00:35'),
(13,	8,	34,	1,	'2023-11-28 23:05:50',	'2023-11-28 23:05:50'),
(14,	8,	35,	1,	'2023-11-28 23:05:50',	'2023-11-28 23:05:50'),
(15,	8,	10,	1,	'2023-11-28 23:05:50',	'2023-11-28 23:05:50'),
(16,	8,	36,	3,	'2023-11-28 23:05:50',	'2023-11-28 23:05:50'),
(17,	9,	35,	2,	'2023-11-28 23:07:05',	'2023-11-28 23:07:05'),
(18,	9,	37,	1,	'2023-11-28 23:07:05',	'2023-11-28 23:07:05'),
(19,	9,	36,	1,	'2023-11-28 23:07:05',	'2023-11-28 23:07:05'),
(20,	10,	40,	4,	'2023-11-29 05:46:57',	'2023-11-29 05:46:57'),
(21,	11,	42,	1,	'2023-11-29 05:48:58',	'2023-11-29 05:48:58'),
(22,	12,	47,	1,	'2023-11-29 20:27:15',	'2023-11-29 20:27:15'),
(23,	12,	46,	2,	'2023-11-29 20:27:15',	'2023-11-29 20:27:15'),
(24,	12,	35,	1,	'2023-11-29 20:27:15',	'2023-11-29 20:27:15'),
(25,	12,	10,	1,	'2023-11-29 20:27:15',	'2023-11-29 20:27:15'),
(26,	12,	55,	1,	'2023-11-29 20:27:15',	'2023-11-29 20:27:15'),
(27,	13,	35,	1,	'2023-11-29 20:28:16',	'2023-11-29 20:28:16'),
(28,	13,	10,	1,	'2023-11-29 20:28:16',	'2023-11-29 20:28:16'),
(29,	13,	47,	1,	'2023-11-29 20:28:16',	'2023-11-29 20:28:16'),
(30,	13,	46,	1,	'2023-11-29 20:28:16',	'2023-11-29 20:28:16'),
(31,	13,	55,	2,	'2023-11-29 20:28:16',	'2023-11-29 20:28:16'),
(32,	14,	47,	1,	'2023-11-29 20:29:52',	'2023-11-29 20:29:52'),
(33,	14,	36,	3,	'2023-11-29 20:29:52',	'2023-11-29 20:29:52'),
(34,	14,	35,	2,	'2023-11-29 20:29:52',	'2023-11-29 20:29:52'),
(35,	14,	10,	1,	'2023-11-29 20:29:52',	'2023-11-29 20:29:52'),
(36,	15,	45,	2,	'2023-11-29 20:32:20',	'2023-11-29 20:32:20'),
(37,	15,	81,	1,	'2023-11-29 20:32:20',	'2023-11-29 20:32:20'),
(38,	15,	44,	1,	'2023-11-29 20:32:20',	'2023-11-29 20:32:20'),
(39,	15,	46,	2,	'2023-11-29 20:32:20',	'2023-11-29 20:32:20'),
(40,	16,	35,	1,	'2023-11-29 20:37:09',	'2023-11-29 20:37:09'),
(41,	16,	47,	1,	'2023-11-29 20:37:09',	'2023-11-29 20:37:09'),
(42,	16,	46,	2,	'2023-11-29 20:37:09',	'2023-11-29 20:37:09'),
(43,	17,	34,	1,	'2023-11-29 20:37:54',	'2023-11-29 20:37:54'),
(44,	17,	35,	1,	'2023-11-29 20:37:54',	'2023-11-29 20:37:54'),
(45,	17,	10,	1,	'2023-11-29 20:37:54',	'2023-11-29 20:37:54'),
(46,	17,	46,	1,	'2023-11-29 20:37:54',	'2023-11-29 20:37:54'),
(47,	18,	47,	1,	'2023-11-29 20:38:41',	'2023-11-29 20:38:41'),
(48,	18,	36,	2,	'2023-11-29 20:38:41',	'2023-11-29 20:38:41'),
(49,	18,	35,	1,	'2023-11-29 20:38:41',	'2023-11-29 20:38:41'),
(50,	18,	10,	1,	'2023-11-29 20:38:41',	'2023-11-29 20:38:41'),
(51,	19,	34,	1,	'2023-11-29 20:39:40',	'2023-11-29 20:39:40'),
(52,	19,	35,	2,	'2023-11-29 20:39:40',	'2023-11-29 20:39:40'),
(53,	19,	10,	1,	'2023-11-29 20:39:40',	'2023-11-29 20:39:40'),
(54,	20,	21,	1,	'2023-11-29 20:40:22',	'2023-11-29 20:40:22'),
(55,	20,	20,	1,	'2023-11-29 20:40:22',	'2023-11-29 20:40:22'),
(56,	20,	55,	2,	'2023-11-29 20:40:22',	'2023-11-29 20:40:22'),
(57,	21,	21,	1,	'2023-11-29 20:41:24',	'2023-11-29 20:41:24'),
(58,	21,	20,	1,	'2023-11-29 20:41:24',	'2023-11-29 20:41:24'),
(59,	21,	55,	2,	'2023-11-29 20:41:24',	'2023-11-29 20:41:24'),
(60,	22,	47,	2,	'2023-11-29 20:42:04',	'2023-11-29 20:42:04'),
(61,	22,	36,	2,	'2023-11-29 20:42:04',	'2023-11-29 20:42:04'),
(62,	22,	10,	1,	'2023-11-29 20:42:04',	'2023-11-29 20:42:04'),
(63,	23,	35,	3,	'2023-11-29 20:42:40',	'2023-11-29 20:42:40'),
(64,	23,	10,	2,	'2023-11-29 20:42:40',	'2023-11-29 20:42:40'),
(65,	24,	55,	2,	'2023-11-29 20:44:31',	'2023-11-29 20:44:31'),
(66,	24,	82,	1,	'2023-11-29 20:44:31',	'2023-11-29 20:44:31'),
(67,	24,	83,	1,	'2023-11-29 20:44:31',	'2023-11-29 20:44:31'),
(68,	25,	36,	1,	'2023-11-29 20:45:10',	'2023-11-29 20:45:10'),
(69,	25,	54,	1,	'2023-11-29 20:45:10',	'2023-11-29 20:45:10'),
(70,	25,	55,	1,	'2023-11-29 20:45:10',	'2023-11-29 20:45:10'),
(71,	26,	36,	1,	'2023-11-29 20:45:51',	'2023-11-29 20:45:51'),
(72,	26,	54,	1,	'2023-11-29 20:45:51',	'2023-11-29 20:45:51'),
(73,	26,	19,	1,	'2023-11-29 20:45:51',	'2023-11-29 20:45:51'),
(74,	27,	36,	1,	'2023-11-29 20:46:28',	'2023-11-29 20:46:28'),
(75,	27,	19,	2,	'2023-11-29 20:46:28',	'2023-11-29 20:46:28'),
(76,	28,	84,	1,	'2023-11-29 20:47:43',	'2023-11-29 20:47:43'),
(77,	28,	36,	2,	'2023-11-29 20:47:43',	'2023-11-29 20:47:43'),
(78,	28,	47,	1,	'2023-11-29 20:47:43',	'2023-11-29 20:47:43'),
(79,	28,	10,	1,	'2023-11-29 20:47:43',	'2023-11-29 20:47:43'),
(80,	29,	34,	1,	'2023-11-29 20:48:21',	'2023-11-29 20:48:21'),
(81,	29,	35,	2,	'2023-11-29 20:48:21',	'2023-11-29 20:48:21'),
(82,	29,	84,	2,	'2023-11-29 20:48:21',	'2023-11-29 20:48:21'),
(83,	29,	10,	1,	'2023-11-29 20:48:21',	'2023-11-29 20:48:21'),
(84,	30,	34,	1,	'2023-11-29 20:50:33',	'2023-11-29 20:50:33'),
(85,	30,	35,	1,	'2023-11-29 20:50:33',	'2023-11-29 20:50:33'),
(86,	30,	85,	2,	'2023-11-29 20:50:33',	'2023-11-29 20:50:33'),
(87,	30,	10,	1,	'2023-11-29 20:50:33',	'2023-11-29 20:50:33'),
(88,	31,	33,	3,	'2023-11-29 20:51:53',	'2023-11-29 20:51:53'),
(89,	32,	34,	3,	'2023-11-29 20:53:24',	'2023-11-29 20:53:24'),
(90,	33,	37,	3,	'2023-11-29 20:53:47',	'2023-11-29 20:53:47'),
(91,	34,	86,	4,	'2023-11-29 20:55:01',	'2023-11-29 20:55:01'),
(92,	35,	87,	1,	'2023-11-29 20:56:52',	'2023-11-29 20:56:52'),
(93,	35,	33,	1,	'2023-11-29 20:56:52',	'2023-11-29 20:56:52'),
(94,	36,	33,	1,	'2023-11-29 20:57:55',	'2023-11-29 20:57:55'),
(95,	36,	47,	2,	'2023-11-29 20:57:55',	'2023-11-29 20:57:55'),
(96,	37,	47,	3,	'2023-11-29 20:58:23',	'2023-11-29 20:58:23'),
(97,	1,	9,	1,	'2023-11-29 21:00:08',	'2023-11-29 21:00:08'),
(98,	1,	88,	1,	'2023-11-29 21:00:08',	'2023-11-29 21:00:08'),
(99,	1,	14,	1,	'2023-11-29 21:00:08',	'2023-11-29 21:00:08'),
(100,	38,	48,	1,	'2023-11-29 21:00:57',	'2023-11-29 21:00:57'),
(101,	38,	88,	1,	'2023-11-29 21:00:57',	'2023-11-29 21:00:57'),
(102,	38,	14,	1,	'2023-11-29 21:00:57',	'2023-11-29 21:00:57'),
(103,	39,	51,	1,	'2023-11-29 21:01:59',	'2023-11-29 21:01:59'),
(104,	39,	88,	1,	'2023-11-29 21:01:59',	'2023-11-29 21:01:59'),
(105,	39,	14,	1,	'2023-11-29 21:01:59',	'2023-11-29 21:01:59'),
(106,	40,	53,	1,	'2023-11-29 21:02:33',	'2023-11-29 21:02:33'),
(107,	40,	88,	1,	'2023-11-29 21:02:33',	'2023-11-29 21:02:33'),
(108,	40,	14,	1,	'2023-11-29 21:02:33',	'2023-11-29 21:02:33'),
(109,	41,	56,	1,	'2023-11-29 21:03:23',	'2023-11-29 21:03:23'),
(110,	41,	88,	1,	'2023-11-29 21:03:23',	'2023-11-29 21:03:23'),
(111,	41,	14,	1,	'2023-11-29 21:03:23',	'2023-11-29 21:03:23'),
(112,	42,	57,	1,	'2023-11-29 21:04:22',	'2023-11-29 21:04:22'),
(113,	42,	14,	1,	'2023-11-29 21:04:22',	'2023-11-29 21:04:22'),
(114,	42,	88,	1,	'2023-11-29 21:04:22',	'2023-11-29 21:04:22'),
(115,	43,	34,	1,	'2023-11-30 17:44:36',	'2023-11-30 17:44:36'),
(116,	43,	35,	3,	'2023-11-30 17:44:36',	'2023-11-30 17:44:36'),
(117,	43,	84,	3,	'2023-11-30 17:44:36',	'2023-11-30 17:44:36'),
(118,	43,	10,	1,	'2023-11-30 17:44:36',	'2023-11-30 17:44:36'),
(119,	44,	84,	2,	'2023-11-30 17:46:26',	'2023-11-30 17:46:26'),
(120,	44,	81,	1,	'2023-11-30 17:46:26',	'2023-11-30 17:46:26'),
(121,	44,	34,	1,	'2023-11-30 17:46:26',	'2023-11-30 17:46:26'),
(122,	44,	35,	4,	'2023-11-30 17:46:26',	'2023-11-30 17:46:26'),
(124,	46,	94,	1,	'2023-12-11 21:47:32',	'2023-12-11 21:47:32'),
(125,	46,	55,	2,	'2023-12-11 21:47:32',	'2023-12-11 21:47:32'),
(126,	46,	82,	1,	'2023-12-11 21:47:32',	'2023-12-11 21:47:32'),
(127,	47,	34,	1,	'2023-12-18 08:20:15',	'2023-12-18 08:20:15'),
(128,	47,	35,	2,	'2023-12-18 08:20:15',	'2023-12-18 08:20:15'),
(129,	47,	36,	3,	'2023-12-18 08:20:15',	'2023-12-18 08:20:15'),
(130,	48,	84,	3,	'2023-12-18 08:21:32',	'2023-12-18 08:21:32'),
(131,	48,	34,	1,	'2023-12-18 08:21:32',	'2023-12-18 08:21:32'),
(132,	48,	35,	4,	'2023-12-18 08:21:32',	'2023-12-18 08:21:32'),
(133,	49,	45,	2,	'2023-12-18 08:22:57',	'2023-12-18 08:22:57'),
(134,	49,	31,	1,	'2023-12-18 08:22:57',	'2023-12-18 08:22:57'),
(135,	49,	44,	1,	'2023-12-18 08:22:57',	'2023-12-18 08:22:57'),
(136,	49,	43,	2,	'2023-12-18 08:22:57',	'2023-12-18 08:22:57'),
(137,	50,	31,	1,	'2023-12-18 08:24:18',	'2023-12-18 08:24:18'),
(138,	50,	45,	3,	'2023-12-18 08:24:18',	'2023-12-18 08:24:18'),
(139,	50,	43,	2,	'2023-12-18 08:24:18',	'2023-12-18 08:24:18'),
(140,	51,	84,	3,	'2023-12-18 08:25:31',	'2023-12-18 08:25:31'),
(141,	51,	47,	1,	'2023-12-18 08:25:31',	'2023-12-18 08:25:31'),
(142,	51,	46,	4,	'2023-12-18 08:25:31',	'2023-12-18 08:25:31'),
(143,	52,	81,	1,	'2023-12-18 08:27:22',	'2023-12-18 08:27:22'),
(144,	52,	47,	1,	'2023-12-18 08:27:22',	'2023-12-18 08:27:22'),
(145,	52,	84,	2,	'2023-12-18 08:27:22',	'2023-12-18 08:27:22'),
(146,	52,	46,	4,	'2023-12-18 08:27:22',	'2023-12-18 08:27:22'),
(147,	53,	102,	2,	'2023-12-18 08:31:21',	'2023-12-18 08:31:21'),
(148,	53,	35,	1,	'2023-12-18 08:31:21',	'2023-12-18 08:31:21'),
(149,	53,	55,	2,	'2023-12-18 08:31:21',	'2023-12-18 08:31:21'),
(150,	54,	11,	2,	'2023-12-18 08:33:02',	'2023-12-18 08:33:02'),
(151,	55,	104,	1,	'2023-12-18 08:35:22',	'2023-12-18 08:35:22'),
(152,	55,	55,	2,	'2023-12-18 08:35:22',	'2023-12-18 08:35:22'),
(153,	55,	82,	1,	'2023-12-18 08:35:22',	'2023-12-18 08:35:22'),
(154,	56,	54,	1,	'2023-12-18 08:36:46',	'2023-12-18 08:36:46'),
(155,	56,	34,	1,	'2023-12-18 08:36:46',	'2023-12-18 08:36:46'),
(156,	56,	35,	2,	'2023-12-18 08:36:46',	'2023-12-18 08:36:46'),
(157,	57,	34,	1,	'2023-12-18 08:37:57',	'2023-12-18 08:37:57'),
(158,	57,	35,	3,	'2023-12-18 08:37:57',	'2023-12-18 08:37:57'),
(159,	58,	108,	1,	'2023-12-18 08:40:13',	'2023-12-18 08:40:13'),
(160,	58,	31,	1,	'2023-12-18 08:40:13',	'2023-12-18 08:40:13'),
(161,	58,	45,	1,	'2023-12-18 08:40:13',	'2023-12-18 08:40:13'),
(162,	58,	43,	2,	'2023-12-18 08:40:13',	'2023-12-18 08:40:13'),
(163,	59,	111,	1,	'2023-12-18 08:42:51',	'2023-12-18 08:42:51'),
(164,	59,	109,	1,	'2023-12-18 08:42:51',	'2023-12-18 08:42:51'),
(165,	60,	45,	2,	'2023-12-18 08:45:27',	'2023-12-18 08:45:27'),
(166,	60,	113,	1,	'2023-12-18 08:45:27',	'2023-12-18 08:45:27'),
(167,	60,	44,	1,	'2023-12-18 08:45:27',	'2023-12-18 08:45:27'),
(168,	60,	46,	1,	'2023-12-18 08:45:27',	'2023-12-18 08:45:27'),
(169,	61,	47,	1,	'2023-12-18 08:47:15',	'2023-12-18 08:47:15'),
(170,	61,	46,	2,	'2023-12-18 08:47:15',	'2023-12-18 08:47:15'),
(171,	61,	55,	1,	'2023-12-18 08:47:15',	'2023-12-18 08:47:15');

INSERT INTO `synthesis_sub_crafts` (`id`, `synthesis_id`, `craft`, `craft_level`, `created_at`, `updated_at`) VALUES
(2,	7,	'Goldsmithing',	41,	'2023-11-28 23:00:35',	'2023-11-28 23:00:35'),
(3,	12,	'Leathercraft',	37,	'2023-11-29 20:27:15',	'2023-11-29 20:27:15'),
(4,	13,	'Clothcraft',	27,	'2023-11-29 20:28:16',	'2023-11-29 20:28:16'),
(5,	14,	'Leathercraft',	20,	'2023-11-29 20:29:52',	'2023-11-29 20:29:52'),
(6,	15,	'Goldsmithing',	9,	'2023-11-29 20:32:20',	'2023-11-29 20:32:20'),
(7,	18,	'Leathercraft',	20,	'2023-11-29 20:38:41',	'2023-11-29 20:38:41'),
(8,	19,	'Clothcraft',	27,	'2023-11-29 20:39:40',	'2023-11-29 20:39:40'),
(9,	22,	'Clothcraft',	20,	'2023-11-29 20:42:04',	'2023-11-29 20:42:04'),
(10,	23,	'Leathercraft',	20,	'2023-11-29 20:42:40',	'2023-11-29 20:42:40'),
(11,	28,	'Leathercraft',	20,	'2023-11-29 20:47:43',	'2023-11-29 20:47:43'),
(12,	29,	'Leathercraft',	20,	'2023-11-29 20:48:21',	'2023-11-29 20:48:21'),
(13,	30,	'Leathercraft',	20,	'2023-11-29 20:50:33',	'2023-11-29 20:50:33'),
(14,	35,	'Goldsmithing',	12,	'2023-11-29 20:56:52',	'2023-11-29 20:56:52'),
(15,	43,	'Leathercraft',	20,	'2023-11-30 17:44:36',	'2023-11-30 17:44:36'),
(16,	44,	'Goldsmithing',	13,	'2023-11-30 17:46:26',	'2023-11-30 17:46:26'),
(17,	52,	'Goldsmithing',	13,	'2023-12-18 08:27:22',	'2023-12-18 08:27:22'),
(18,	53,	'Leathercraft',	9,	'2023-12-18 08:31:21',	'2023-12-18 08:31:21'),
(19,	58,	'Goldsmithing',	44,	'2023-12-18 08:40:13',	'2023-12-18 08:40:13'),
(20,	60,	'Goldsmithing',	8,	'2023-12-18 08:45:27',	'2023-12-18 08:45:27');

-- 2023-12-25 06:58:02